Model,Precision,Recall,F1,F1_std
Logistic Regression,1.0,1.0,1.0,0.0
Random Forest,0.95,0.95,0.9333333333333332,0.13333333333333336
SVM,0.8833333333333332,0.8833333333333332,0.8333333333333333,0.21081851067789198
