Model,Precision,Recall,F1,F1_std
Logistic Regression,0.875,0.9,0.8857142857142858,0.22857142857142856
Random Forest,0.825,0.85,0.8190476190476191,0.2340610614751335
SVM,0.8666666666666666,0.8666666666666666,0.8266666666666668,0.1436043948569201
